{
  "version": 1,
  "author": "21CSE73 Rohan Bernard R",
  "editor": "wokwi",
  "parts": [
    { "type": "board-esp32-devkit-c-v4", "id": "esp", "top": 153.6, "left": -849.56, "attrs": {} },
    { "type": "wokwi-servo", "id": "servo1", "top": 756.4, "left": -777.6, "attrs": {} },
    {
      "type": "wokwi-hc-sr04",
      "id": "ultrasonic1",
      "top": 65,
      "left": -360,
      "attrs": { "distance": "331" }
    },
    {
      "type": "wokwi-hc-sr04",
      "id": "ultrasonic2",
      "top": 375,
      "left": -360,
      "attrs": { "distance": "114" }
    },
    {
      "type": "wokwi-hc-sr04",
      "id": "ultrasonic3",
      "top": 65,
      "left": -100,
      "attrs": { "distance": "320" }
    },
    {
      "type": "wokwi-hc-sr04",
      "id": "ultrasonic4",
      "top": 375,
      "left": -100,
      "attrs": { "distance": "64" }
    },
    {
      "type": "wokwi-hc-sr04",
      "id": "ultrasonic5",
      "top": 65,
      "left": 160,
      "attrs": { "distance": "359" }
    },
    {
      "type": "wokwi-hc-sr04",
      "id": "ultrasonic6",
      "top": 375,
      "left": 160,
      "attrs": { "distance": "61" }
    },
    { "type": "wokwi-servo", "id": "servo2", "top": 525, "left": -425, "rotate": 90, "attrs": {} },
    { "type": "wokwi-servo", "id": "servo3", "top": 525, "left": -145, "rotate": 90, "attrs": {} },
    { "type": "wokwi-servo", "id": "servo4", "top": 525, "left": 105, "rotate": 90, "attrs": {} },
    {
      "type": "wokwi-led",
      "id": "led1",
      "top": 226.8,
      "left": -255.4,
      "attrs": { "color": "red" }
    },
    { "type": "wokwi-led", "id": "led2", "top": 236.4, "left": 3.8, "attrs": { "color": "red" } },
    {
      "type": "wokwi-led",
      "id": "led3",
      "top": 226.8,
      "left": 272.6,
      "attrs": { "color": "red" }
    }
  ],
  "connections": [
    [ "esp:TX", "$serialMonitor:RX", "", [] ],
    [ "esp:RX", "$serialMonitor:TX", "", [] ],
    [ "ultrasonic3:VCC", "esp:5V", "red", [ "v13.3", "h-115.3", "v-230.4", "h-700.95" ] ],
    [ "ultrasonic5:VCC", "esp:5V", "red", [ "h-106.5", "v-217.1", "h-969.75" ] ],
    [ "ultrasonic2:VCC", "esp:5V", "red", [ "v240.9", "h-556.25" ] ],
    [ "ultrasonic4:VCC", "esp:5V", "red", [ "v240.9", "h-816.25" ] ],
    [ "ultrasonic6:VCC", "esp:5V", "red", [ "v240.9", "h-1076.25" ] ],
    [ "ultrasonic5:GND", "esp:GND.2", "black", [ "h93.9", "v-130.7", "h-1104" ] ],
    [ "ultrasonic2:GND", "esp:GND.2", "black", [ "v221.7", "h-490.1" ] ],
    [ "ultrasonic4:GND", "esp:GND.2", "black", [ "h46.7", "v221.7", "h-796.8" ] ],
    [ "ultrasonic6:GND", "esp:GND.2", "black", [ "v221.7", "h-1010.1" ] ],
    [ "ultrasonic1:TRIG", "esp:0", "blue", [ "v13.3", "h-162.9", "v-201.6", "h-307.2" ] ],
    [ "ultrasonic1:ECHO", "esp:2", "gold", [ "h143.9", "v-159.5", "h-624" ] ],
    [ "ultrasonic2:TRIG", "esp:4", "blue", [ "v298.5", "h-470.1" ] ],
    [ "ultrasonic2:ECHO", "esp:5", "gold", [ "v279.3", "h-480.1" ] ],
    [ "ultrasonic3:TRIG", "esp:16", "blue", [ "v22.9", "h-96.5", "v-211.2", "h-633.6" ] ],
    [ "ultrasonic3:ECHO", "esp:17", "gold", [ "v32.5", "h85.5", "v-192", "h-825.6" ] ],
    [ "ultrasonic4:TRIG", "esp:18", "blue", [ "v298.5", "h-730.1" ] ],
    [ "ultrasonic4:ECHO", "esp:19", "gold", [ "v279.3", "h-740.1" ] ],
    [ "ultrasonic5:TRIG", "esp:21", "blue", [ "v13.3", "h-97.3", "v-201.6", "h-892.8" ] ],
    [ "ultrasonic5:ECHO", "esp:22", "gold", [ "h113.5", "v-159.5", "h-1113.6" ] ],
    [ "ultrasonic6:TRIG", "esp:25", "blue", [ "v298.5", "h-1086.25" ] ],
    [ "ultrasonic6:ECHO", "esp:26", "gold", [ "v279.3", "h-1096.25" ] ],
    [ "servo1:GND", "esp:GND.2", "black", [ "h0" ] ],
    [ "servo1:V+", "esp:5V", "red", [ "h0" ] ],
    [ "servo1:PWM", "esp:12", "green", [ "h0" ] ],
    [ "servo2:GND", "esp:GND.2", "black", [ "h99.6", "v191.2", "h-518.4" ] ],
    [ "servo2:V+", "esp:5V", "red", [ "v210.4", "h-505.45" ] ],
    [ "servo2:PWM", "esp:13", "green", [ "v229.6", "h-495.95" ] ],
    [ "servo3:V+", "esp:5V", "red", [ "v210.4", "h-785.45" ] ],
    [ "servo3:PWM", "esp:14", "green", [ "v229.6", "h-775.95" ] ],
    [ "servo4:V+", "esp:5V", "red", [ "v210.4", "h-1035.45" ] ],
    [ "servo4:PWM", "esp:15", "green", [ "v229.6", "h-929.8" ] ],
    [ "led3:C", "esp:GND.2", "black", [ "h67.6", "v-249.6", "h-1104" ] ],
    [ "led2:C", "esp:GND.2", "black", [ "h77.2", "v-249.6", "h-844.8" ] ],
    [ "led2:A", "esp:33", "red", [ "h96", "v-336", "h-969.75" ] ],
    [ "led1:C", "esp:GND.2", "black", [ "h77.2", "v-240", "h-585.6" ] ],
    [ "led1:A", "esp:32", "red", [ "h86.4", "v-326.4", "h-700.95" ] ],
    [ "servo4:GND", "esp:GND.2", "black", [ "v-0.8", "h184", "v192", "h-1161.6" ] ],
    [ "servo3:GND", "esp:GND.2", "black", [ "v-0.8", "h146", "v192", "h-844.8" ] ],
    [ "ultrasonic1:GND", "esp:GND.2", "black", [ "v3.7", "h95.5", "v-134.4", "h-604.8" ] ],
    [ "ultrasonic3:GND", "esp:GND.2", "black", [ "v3.7", "h94.7", "v-134.4", "h-892.8" ] ],
    [ "ultrasonic1:VCC", "esp:5V", "red", [ "v3.7", "h-133.7", "v-220.8", "h-460.8" ] ],
    [ "led3:C", "esp:27", "red", [ "v0", "h106", "v-326.4", "h-1411.2" ] ]
  ],
  "dependencies": {}
}